"","logFC","AveExpr","t","P.Value","adj.P.Val","B"
"SLC39A8",-1.03787657816057,5.05671597448694,-12.6774990627653,1.78532996708042e-31,3.42069221692609e-27,60.4520278991924
"INHBB",1.38567917285637,2.54726114412861,12.4264324039574,1.80801769165014e-30,1.73208094860083e-26,58.1926535780906
"HSPA1A",1.36386675293116,4.86151608188794,12.2495354414543,9.12302869030462e-30,5.82657432354122e-26,56.6131646093196
"PDLIM7",0.82774276923333,5.00899042139002,11.1345624151739,1.88839902221618e-25,9.04543131641548e-22,46.9171562676608
"TPM2",1.12940064697905,6.24023920420184,11.0030097891544,5.9049708654651e-25,2.26278483564623e-21,45.8051700229414
"TSPYL2",0.599506265109414,3.34062100427295,10.4165939833573,8.67995149225023e-23,2.77179784319191e-19,40.9389771129511
"CRYAB",1.0028072944421,3.04548303972566,10.3488667287149,1.52923593707192e-22,4.18573722204256e-19,40.3868922802113
"CSDC2",0.716154497873257,1.0776166762211,9.99049238422809,2.9525721580132e-21,7.07141031844161e-18,37.5015476080324
"HSPB1",0.945249890372263,8.86132069725252,9.7821644793262,1.60353817646513e-20,3.41375460678576e-17,35.8529300893652
"LIMS2",0.846721710046574,2.57830327099049,9.73332268299441,2.37683193775582e-20,4.55400999274016e-17,35.4695567650502
"RCN3",0.885215654738537,5.17010884995649,9.69376460670988,3.26620244936385e-20,5.68913081180103e-17,35.1599401441688
"PALM",0.846642773436511,2.04941607528817,9.68106692477168,3.61643047174722e-20,5.77423398655639e-17,35.0607257277448
"MYL9",1.14071268220913,6.990882981404,9.65631083614843,4.40984857199786e-20,6.34886920705192e-17,34.8675287954549
"L1CAM",1.21400802532236,1.65485488894275,9.64998061812432,4.63904848114441e-20,6.34886920705192e-17,34.8181780386868
"ISM1",0.962615861865425,1.46064312342499,9.62337803508822,5.73861762439157e-20,7.33012757888949e-17,34.6110075619866
"SLC22A17",0.699217361476178,1.95222408067068,9.61371598822702,6.19897348591859e-20,7.42327074938751e-17,34.5358534320391
"SSC5D",1.04972691954928,2.14184252019281,9.58294930797514,7.92306263835611e-20,8.92975765593547e-17,34.2968623165371
"FLNA",1.06606951058102,7.1900371578168,9.51838133789089,1.32390198701589e-19,1.40922011506802e-16,33.796902842028
"DACT3",0.702244472777,1.46053411648031,9.48022636722302,1.79128699888972e-19,1.79948686493859e-16,33.5024849574386
"MXRA8",0.965869064953761,5.03995642142814,9.47422654111431,1.87837877342233e-19,1.79948686493859e-16,33.4562574772317
"HSPB7",1.07636553032822,1.71145608000012,9.46637563093075,1.99871030817323e-19,1.82358521450472e-16,33.3957963105945
"FSTL3",0.925297199638659,4.28812125116522,9.37280083243192,4.17901557065636e-19,3.20279753335104e-16,32.6776651544496
"ARHGEF25",0.794626481524324,2.32731454083248,9.34300465923664,5.28015841828314e-19,3.8910705882425e-16,32.4499726314367
"SPEG",0.635320966899982,0.791799372461993,9.32533568165092,6.06431384689184e-19,4.30341678912769e-16,32.3151760655256
"PRELP",1.27867779958234,2.34936105114111,9.27879075884153,8.7265788854363e-19,5.97147326589141e-16,31.960886352252
"SCARF2",0.901961369274382,2.89140102891438,9.27135692480366,9.24786874478377e-19,6.10997121207093e-16,31.9044095635772
"COMP",1.66687472454999,3.08323895449718,9.24611550999549,1.12590762967273e-18,7.19079672817647e-16,31.7128664948463
"HTRA3",1.10611279754594,5.11306389132059,9.16275277434587,2.15119221654119e-18,1.32957557641707e-15,31.0827286740524
"EFEMP2",0.813309022751143,3.84780410857948,9.15336357832951,2.31336933305499e-18,1.33404901773716e-15,31.0119932806943
"ATG9B",0.703188918609484,1.71445099427897,9.14871067274102,2.39816965117294e-18,1.33404901773716e-15,30.976957568963
"DDAH2",0.710951450408521,6.50554368432595,9.09166800704421,3.72509291624189e-18,1.95502896816943e-15,30.5484008627215
"LTBP3",0.827903263138709,3.99041087219713,9.08992784371574,3.7753690930203e-18,1.95502896816943e-15,30.5353553285483
"C4orf19",-0.613101991485496,4.15593700442101,-9.07913545848215,4.10253931415864e-18,2.01740933164022e-15,30.4544850854544
"TAGLN",1.19301376748814,6.68285230874653,9.05176731077082,5.06355238377588e-18,2.37799051908892e-15,30.2496971049034
"CNN1",1.42139535337025,4.42751271191323,9.05112494625841,5.0886018414742e-18,2.37799051908892e-15,30.244895461507
"HAND2",0.814838984410773,1.03785731093678,9.0145987724133,6.73440365137012e-18,3.07217080857742e-15,29.9722412993217
"CCDC8",0.765296788161217,1.77505383574381,9.0101607296649,6.9672941732585e-18,3.10449665952634e-15,29.9391635788166
"EFS",0.634718317173473,1.82473685395986,8.97571209981802,9.06795351102516e-18,3.85840951095139e-15,29.6827843107169
"AEBP1",1.22642945896552,6.46872330878636,8.97439503105903,9.15965505892853e-18,3.85840951095139e-15,29.6729953797051
"NOTCH3",0.827036171779703,4.49738048782098,8.85897906623228,2.20375593018377e-17,8.79665908798354e-15,28.8189744102948
"ZNF512B",0.594475939111215,1.83970591942267,8.85141770812582,2.33361183785533e-17,9.12489853332817e-15,28.7632871970977
"ACTA2",0.989790128341973,7.04275128182279,8.81470846038986,3.07995200505574e-17,1.15709569444839e-14,28.4933970747366
"BGN",1.16776437166135,7.80171470605945,8.77718306700882,4.0868891406366e-17,1.50586146028072e-14,28.2183026445218
"DTX3",0.702260740319662,2.60700794817527,8.76576019833649,4.45367864136854e-17,1.61004684469097e-14,28.1347232306159
"MMP11",1.22038086563906,5.51648974412209,8.76314624475641,4.54209069571219e-17,1.61160106907121e-14,28.1156078698186
"RGMA",0.669088474352205,1.18817669089396,8.72320779296216,6.13025364127723e-17,2.09742249583699e-14,27.8240348268995
"FXYD6",0.846499092177353,2.28156063837994,8.71821620578618,6.36393633008205e-17,2.1391757909539e-14,27.7876581697962
"RUSC2",0.626906612157973,3.29313523952395,8.71393822381236,6.5712119892072e-17,2.17076589160707e-14,27.7564934440714
"SFRP4",1.60663387829148,4.03900298208785,8.70308965560349,7.12727989014119e-17,2.31455394398484e-14,27.6775100619717
"SHISA4",0.760194226263545,2.8652412463576,8.69902803342009,7.34723857681483e-17,2.34621818552954e-14,27.647956818767
"CASP5",-0.943527042050851,3.18440974035014,-8.65335862775341,1.03338959840727e-16,3.19350721056182e-14,27.3163157501054
"LMOD1",1.15109800877198,3.37388005028368,8.57996149309435,1.78335986439382e-16,5.338933594029e-14,26.7858721120659
"GLIS2",0.810283341532165,2.97965786332012,8.56545061216334,1.98576296547438e-16,5.85341821822909e-14,26.6813756999435
"ISLR",1.12921077138775,5.62340489055818,8.5526932687987,2.18237513548283e-16,6.33550115088652e-14,26.5896094087545
"GADD45B",0.630853662616086,4.84025684784025,8.53140774709142,2.55416016495348e-16,7.12256226276362e-14,26.4367119673924
"GGT5",0.816297352310694,3.19877646774496,8.52746732597623,2.62955761026711e-16,7.19747483038825e-14,26.4084366477863
"JPH2",0.75931727225784,1.39077224825361,8.48550588324657,3.58245080441449e-16,9.6675714665608e-14,26.1079043339292
"MFGE8",0.762657140555809,4.98174172517514,8.48046832346422,3.71768377521236e-16,9.8931696018151e-14,26.0718951052515
"ITGA7",0.648254801264069,2.66429882647887,8.4739768475206,3.89941496989031e-16,1.00963230842025e-13,26.0255153393429
"TAFA5",0.701897516217356,2.20680080186545,8.46560671629033,4.14675965502722e-16,1.05935886653762e-13,25.9657501593471
"KCNE4",0.709535563178764,2.01284670503047,8.42594508849265,5.5465648686046e-16,1.36246388310852e-13,25.6831231603049
"ARHGEF17",0.665669013626996,2.92064050217721,8.4191540353753,5.82923390137491e-16,1.41377369051067e-13,25.6348247786715
"KIF26B",0.790941385561811,1.75073227810647,8.40918220549774,6.27029812202462e-16,1.48600845136368e-13,25.5639546309676
"PLXNB3",0.650901505808543,0.974677426407507,8.40892314131331,6.28218604177755e-16,1.48600845136368e-13,25.5621142477451
"ADAMTSL2",0.766424851183992,2.56653600426118,8.39406352314642,7.00269370198574e-16,1.61652543771141e-13,25.4566194824976
"APBB1",0.661287706434483,2.22488450080833,8.38258114992836,7.61487843911063e-16,1.73691751063524e-13,25.3751921397749
"CILP2",0.660201822031458,0.923527907876216,8.37791903811041,7.87828216780297e-16,1.77585748629535e-13,25.3421533885598
"AOC3",1.00503483383505,3.39533478763093,8.36804118368496,8.46649532006154e-16,1.88625639921371e-13,25.2721957680121
"MAP1A",0.700614471730357,1.9464171042353,8.32640526965224,1.14613953885257e-15,2.41022720088464e-13,24.9779666159206
"P4HA3",0.648942512281981,1.4177531886749,8.32506935760327,1.1573115995897e-15,2.41022720088464e-13,24.9685434742136
"SNCG",0.762910354834569,2.20145979131607,8.31944284300023,1.20555888267616e-15,2.48371055828767e-13,24.9288675232514
"FHL3",0.680491178310661,4.35855441437341,8.31794127067405,1.21876751578316e-15,2.48421123429844e-13,24.9182822758482
"GSKIP",-0.63479348272935,5.56129912996815,-8.29934510638676,1.39469895484872e-15,2.81288757630541e-13,24.7873031298942
"NPTXR",0.83471289282457,1.5521170566234,8.29301920775783,1.4600915006401e-15,2.9140992866942e-13,24.7427955634587
"SEMA4C",0.612280111958366,4.34374206451247,8.28415298279837,1.55687271891273e-15,3.07522487570804e-13,24.6804558253769
"PDLIM4",0.818558776443598,2.96796153140905,8.27187630295877,1.70142752178839e-15,3.32646442014954e-13,24.5942157278284
"MMP14",0.760369141441639,7.38132640238421,8.24641619818519,2.04482051435737e-15,3.95745061162496e-13,24.4156590552549
"CALB2",1.08184556010872,1.87276248749066,8.20646914135742,2.7263464470918e-15,5.1212546986548e-13,24.1363021502201
"BMERB1",0.639577767174892,2.51802141885573,8.20168036274941,2.82181443965538e-15,5.24912278289292e-13,24.1028791021515
"SGCA",0.69371847740277,1.12351309202429,8.19890989588939,2.87854639961676e-15,5.30316817467858e-13,24.08354920099
"MEIS3",0.592822927785626,1.98744106532432,8.19600677858065,2.93920405000713e-15,5.36334758077492e-13,24.0632988460761
"KCNH2",0.836290552615238,2.88762142156693,8.18953116877398,3.07909310220024e-15,5.56560602246761e-13,24.0181476739528
"TNS1",0.984165027017231,3.53518280820691,8.17182006441899,3.49618775378783e-15,6.26046330491354e-13,23.894788982042
"ARSI",0.655291545178499,1.412236616835,8.16848365829362,3.58078811907516e-15,6.29430278545689e-13,23.8715724041889
"PSD",0.642418800584862,1.52968016023869,8.12869300677814,4.75980583016708e-15,8.29071633690921e-13,23.5952171366271
"SPON2",0.739424615583428,5.06882542660373,8.12300136128139,4.95719238850722e-15,8.55673929403588e-13,23.5557674913601
"FNDC1",1.19797337885636,3.32152458535109,8.11329520012372,5.31262250772235e-15,9.00795108389029e-13,23.488539007137
"NES",0.832046162133053,4.28535515969992,8.11105931153384,5.39800096735754e-15,9.07242969601495e-13,23.4730607004089
"DEPDC1",-0.607459292689382,3.05003505541306,-8.10374862530953,5.68673486093764e-15,9.47459477700567e-13,23.4224729555413
"C11orf96",0.818058970372401,4.4694526552826,8.08965027698092,6.2872885802394e-15,1.03848663101196e-12,23.3250104950372
"HOMER3",0.669531234412619,3.17800242320249,8.0874163046627,6.38803431869855e-15,1.04610886791679e-12,23.3095783088242
"COL6A2",0.944678631045491,7.38950612516231,8.08588610582646,6.45796037239778e-15,1.04859763334866e-12,23.2990095539972
"TGFB1I1",0.625786640340588,3.88945359425961,8.06607763894974,7.43437039541161e-15,1.16756177685317e-12,23.1623284912731
"COX7A1",0.651732877505645,3.43657745424996,8.06242055826968,7.6299559477609e-15,1.18853622730975e-12,23.1371209236152
"BCAM",0.741494768675802,3.98279051837378,8.0235147012461,1.00525722248227e-14,1.51659278604412e-12,22.8694680991561
"CAVIN1",0.7850381611237,6.2605585536718,7.99395494177712,1.23876746026588e-14,1.83990577819336e-12,22.6667464338598
"CDH2",0.612027287259332,1.07873182563166,7.98662339635691,1.30452359700511e-14,1.89353576656196e-12,22.6165515503442
"GPC1",0.744315564131782,4.14385598187215,7.97061123869517,1.46035526286652e-14,2.10378998770845e-12,22.5070432828401
"TMEM200B",0.620981643266121,1.67410506024542,7.95118271348035,1.6742765429014e-14,2.37623248607339e-12,22.3743875617797
"CLEC11A",0.717343960214666,4.39218737578678,7.9449212240592,1.7495998557441e-14,2.46487744382772e-12,22.3316856855107
"BOC",0.67391159687317,1.43186070823036,7.93717504345418,1.84742600182662e-14,2.58369943029182e-12,22.2788929089911
"THBS2",1.32116855568077,5.21521845010367,7.9098810840825,2.23713003065702e-14,3.01855009770341e-12,22.0931787313884
"SYDE1",0.625800517576896,3.12839139758442,7.9080901551296,2.2653660123699e-14,3.03527362216834e-12,22.0810093859618
"ELN",0.960035039693536,4.14464216987354,7.89867156750158,2.41975127452697e-14,3.2196135013845e-12,22.0170437314165
"NTM",0.80820962626293,2.00000185010769,7.88918855419389,2.58567701560833e-14,3.37017494007181e-12,21.9526975543117
"CERCAM",0.836339256845219,3.86430462460026,7.88473392378108,2.66744915259449e-14,3.45326525430476e-12,21.9224908076551
"VASN",0.656481871681248,3.56692861766472,7.87608412285506,2.83358798727414e-14,3.61943638907817e-12,21.8638728252799
"MN1",0.61390925695504,1.45086231983802,7.87333521153027,2.88849516938414e-14,3.66513691691392e-12,21.8452539898172
"A4GALT",0.75446742752643,3.12184535453166,7.86818207253406,2.99426893171629e-14,3.77435478497922e-12,21.8103639098826
"NXPH3",0.659895216099718,1.1058118481203,7.86650778588802,3.02945138859443e-14,3.79374435329865e-12,21.799031555843
"COL1A1",1.16285342333741,8.99020235483939,7.86464706055104,3.0690303565777e-14,3.81835205402783e-12,21.7864393975535
"RHOB",0.594465376367682,7.9017204202999,7.86308495351475,3.10265121807616e-14,3.83527724763478e-12,21.7758697976665
"EMILIN1",0.911345803529815,5.6893331031655,7.86025493293027,3.16448941679067e-14,3.88664212985315e-12,21.7567251530962
"CYS1",0.609548756720296,1.48657241845877,7.83414308486988,3.79558468723591e-14,4.57379890612831e-12,21.5803242359324
"MRAP2",-0.901528690945698,3.44438325763603,-7.82782566303397,3.96604210650978e-14,4.71311683089793e-12,21.5377119181206
"ANXA6",0.641400672987931,5.82851954847838,7.82713988239251,3.98499439773207e-14,4.71311683089793e-12,21.5330877251816
"SFRP2",1.80787412322384,4.75679098136132,7.816829847763,4.28093207780209e-14,5.00138162260293e-12,21.4636039126998
"TIE1",0.630118609762087,2.67819615208262,7.81310776181158,4.39301333690857e-14,5.10122033546474e-12,21.43853591561
"RBPMS2",0.723470460101762,1.68802576486755,7.80748130361257,4.56795861872385e-14,5.27241488763548e-12,21.4006589920196
"KCNMB1",0.72338138574745,1.51507817760765,7.80612920961613,4.61101379359861e-14,5.29024097517062e-12,21.3915598210377
"GRP",0.980267971914635,2.06977702541712,7.80492306999635,4.64975906166421e-14,5.30293950127894e-12,21.3834438690895
"UCHL1",0.883717270899632,2.21870186648043,7.80288029315287,4.71611400251675e-14,5.34678960285331e-12,21.3697004305011
"LDOC1",0.685516041843289,2.62124446134614,7.75582491164453,6.53155708821914e-14,7.19222033392407e-12,21.0538641464413
"PLPP4",0.908837391684912,1.98709921930187,7.74778006452608,6.90454395636463e-14,7.51653762522422e-12,21.0000100684785
"CCL28",-0.920058721072687,3.76803638773963,-7.739824485621,7.29403532572513e-14,7.7765931725411e-12,20.9467947404699
"TUBB6",0.696529873097492,4.17640101915816,7.73975532537963,7.29751457380138e-14,7.7765931725411e-12,20.9463323032051
"TWIST1",0.748415484339998,2.14800042921647,7.73591703412787,7.49319611167924e-14,7.93202417125825e-12,20.9206725733733
"MFAP2",0.854014969817929,4.07172140149007,7.72932135649745,7.8416132442215e-14,8.25523679996065e-12,20.8766014625186
"COL18A1",0.786341552263848,5.2063075326879,7.71090755885445,8.90115422986388e-14,9.26881060022783e-12,20.7537131355003
"ITGBL1",0.786640349942754,1.38053369864591,7.68391104802865,1.07144517143933e-13,1.10966970187986e-11,20.5739444624516
"MRGPRF",0.844153744120059,2.98431796681684,7.68089332643483,1.09385135693053e-13,1.12678451606393e-11,20.5538790467409
"TIMP1",0.597935057390739,9.06278952123322,7.67918579447976,1.10673361435541e-13,1.13395807759624e-11,20.5425279640958
"MRC2",0.846508424636685,4.3481050405381,7.67445700204171,1.14319548196583e-13,1.16508645928007e-11,20.5111025029289
"CLIP3",0.650208883822053,2.91642810600469,7.67222124816451,1.16084449101016e-13,1.17681378030448e-11,20.4962497478028
"CHAC2",-0.64254324801204,3.3523646469189,-7.67092173293882,1.17122604485957e-13,1.18108900102681e-11,20.487618192842
"ITGA11",0.886155624776355,2.86767242435701,7.67004171892053,1.17830823265223e-13,1.18200972448255e-11,20.4817736468038
"FBLN1",1.01394532054729,4.76950660220812,7.66771555501573,1.19723276320175e-13,1.19473852827841e-11,20.4663270389798
"EHD2",0.80400495370675,4.89632505738917,7.65335730422962,1.32085936171911e-13,1.29782899336093e-11,20.3710610069533
"SALL4",0.665537637853643,1.69133858974846,7.65131261903673,1.33945893455871e-13,1.30274280132715e-11,20.3575056106658
"GAS1",1.03897553753545,2.23841293501174,7.62225963534597,1.63339315469826e-13,1.55700561413028e-11,20.1651921755416
"NR3C2",-0.692830615984422,3.0883699781317,-7.59244646858816,2.00105095386989e-13,1.88342268121346e-11,19.9684220951737
"CRIP2",0.649177371882722,4.25116296003931,7.57964364341192,2.1829457725491e-13,2.02054304357685e-11,19.8841013976183
"CD248",0.829309487557599,5.22567650300979,7.56791058147758,2.3639030305116e-13,2.1775183684905e-11,19.8069210635431
"IGFBP6",0.8129180792566,4.02922781227016,7.54680029774051,2.72746916776902e-13,2.45344174903542e-11,19.6682858348868
"PODN",0.828912773750626,3.11800969089842,7.53417467363419,2.97069397931955e-13,2.64737193691919e-11,19.5855116782195
"MYH11",1.32431819874274,3.95918437709532,7.52416344666859,3.17864265312832e-13,2.8195737608305e-11,19.5199526053499
"THBS4",1.10053011656692,1.68387462981373,7.51830819542038,3.30684687486018e-13,2.90638468451014e-11,19.4816399369789
"CLU",0.956426856811799,4.17618363060845,7.45826403338596,4.95388329995346e-13,4.18133938445411e-11,19.0900668948888
"CDKN1C",0.731150635461766,3.39171710943883,7.45533580378972,5.05218928338203e-13,4.22707190696942e-11,19.0710320675481
"CCN2",0.772061257439868,7.00052907213941,7.45128979572591,5.19119060777676e-13,4.32448748021751e-11,19.0447405853447
"TIMP3",0.757399992266607,2.17094342601206,7.44390761721238,5.45458309190569e-13,4.52423428748541e-11,18.9967983993798
"HSPB6",1.14920446363642,2.9017965298961,7.44153341222461,5.54205926061e-13,4.57697652729688e-11,18.9813873024975
"DBN1",0.697181595453269,4.75146742320289,7.43854792761318,5.65402153809019e-13,4.61947451419565e-11,18.9620137018692
"DCHS1",0.622607622767281,2.88735967726518,7.43221581154472,5.89891719978157e-13,4.76891365180653e-11,18.9209426442141
"MAB21L2",0.921073571822726,2.82098043311873,7.40954115236246,6.86466038756853e-13,5.45754742845697e-11,18.774091483441
"KRT17",1.29330832796637,3.74425794343609,7.39130624582771,7.75291551372147e-13,6.03844964402046e-11,18.6562441667231
"PDGFRB",0.757581405416943,5.05859609639749,7.38772707687674,7.94010829174798e-13,6.13437398668917e-11,18.6331391659415
"LGALS1",0.73664953561077,8.42835537397505,7.38008127922675,8.35502768921189e-13,6.37778209264142e-11,18.5838112516952
"FBLN2",1.05542746346481,4.08234124683445,7.3396439193224,1.09310664133642e-12,7.93330426060823e-11,18.3235785958583
"COL1A2",1.00954535456005,8.24318116202063,7.33394601015497,1.13519438976893e-12,8.19206340474421e-11,18.2869986346232
"THY1",0.740209554601378,5.41658274376226,7.33213664742821,1.14889013588831e-12,8.21370709090299e-11,18.275387309967
"POPDC2",0.586517986131173,1.63139499148332,7.32528632676175,1.20223276818232e-12,8.56311518155141e-11,18.2314464129972
"SPOCK1",1.0067394166315,2.48448311502543,7.32224536241217,1.2266870534641e-12,8.70493479421193e-11,18.2119505324262
"TMEM204",0.585690272009464,4.15732777547065,7.29650792802819,1.4542583841964e-12,1.02439671475011e-10,18.0471963916861
"AKAP12",0.922049609872638,2.75369956149584,7.2852338832706,1.566589645975e-12,1.09546925609055e-10,17.9751688132754
"ST6GALNAC1",-1.07142137175895,6.17893843933683,-7.28295125056631,1.590351817985e-12,1.10456502155456e-10,17.9605960411325
"OLFML2B",0.806899386039568,4.24549299037459,7.2786895539312,1.63566950501652e-12,1.1265675905422e-10,17.9333980116762
"NXN",0.734150632511356,2.87658040200821,7.27824575899835,1.64046115741792e-12,1.1265675905422e-10,17.9305664341859
"TCEA2",0.641830110995236,2.26653843225434,7.27617604962606,1.6629909335361e-12,1.13796093880541e-10,17.9173626827896
"CCN1",0.850530250481802,6.01860374559594,7.23077926186093,2.24134539070422e-12,1.49631281135515e-10,17.6284863913133
"LAMB2",0.606619186294732,5.23604842995262,7.22420871243996,2.3400177755773e-12,1.55137510657651e-10,17.5867920206423
"CLDN5",0.72745411231316,2.66033791712473,7.22254232019487,2.3657147312801e-12,1.56300325004575e-10,17.5762223766141
"PCOLCE",0.751142548053533,4.91997218141296,7.2143174135704,2.49667358894378e-12,1.63263706362331e-10,17.5240809915867
"TC2N",-0.605904587867089,4.79915323293269,-7.18906990775167,2.94486201002436e-12,1.88078520373556e-10,17.364314871008
"FGF19",0.915912666066812,1.23419657936557,7.15618750055527,3.6489595976486e-12,2.29035401775557e-10,17.1568906613046
"PTK7",0.836959292609641,4.78096784932313,7.14118564104009,4.0229013447545e-12,2.49623259704218e-10,17.0625049910983
"HSPB8",0.835895396656517,2.65211063881891,7.13166449359186,4.27952632294606e-12,2.63651846776999e-10,17.0026821837183
"LOXL1",0.657315278655912,3.58360708598402,7.08475231508506,5.79865848870823e-12,3.50480431052523e-10,16.708839960988
"CRABP2",1.00016770672682,3.65322845202944,7.0722668670053,6.2853591043976e-12,3.77515612665385e-10,16.6308919258201
"IGFBP3",0.679000857896258,6.19280735241032,7.06923834496652,6.40934207749961e-12,3.83759356890289e-10,16.6120008205186
"FAS",-0.613712282540863,3.61408415050296,-7.06346999163826,6.65217887071715e-12,3.9682375850419e-10,16.5760369942493
"MGP",0.997233599015498,5.18714838774832,7.06307908563927,6.66895878070717e-12,3.9682375850419e-10,16.5736006569485
"FKBP10",0.8478353119399,5.87386257168731,7.04700013706594,7.39642989198594e-12,4.29441202213486e-10,16.4734799588739
"ECM1",0.652622241657425,5.04390171483896,7.01646183647309,8.99928783533752e-12,5.16246571631937e-10,16.2838188003023
"SYNDIG1",0.614052119480524,1.72794721033668,7.00410990008019,9.74056584729797e-12,5.53795969241036e-10,16.2072905461801
"COL5A1",0.84212369033329,5.74149961944787,7.00347586712048,9.78019457418149e-12,5.54403929116324e-10,16.2033651751897
"LBH",0.613829627957473,5.0002994837983,7.00052169417446,9.96693784988341e-12,5.6332309499636e-10,16.1850792530106
"SCARA3",0.662846989531804,2.44869224557465,6.98630860546081,1.0915544895675e-11,6.07970465700968e-10,16.0971874709223
"PDLIM3",0.723194612952568,2.63853978876509,6.98474625322503,1.10250837201812e-11,6.11146096233885e-10,16.0875347187452
"CASP1",-0.79200513579483,4.9155239325856,-6.97654768048772,1.16178527391553e-11,6.35994452806329e-10,16.0369091084825
"NRP2",0.66801786750186,2.71621194985608,6.96588363587314,1.24359539128079e-11,6.74993985749005e-10,15.9711298255716
"ACTG2",1.1578775412886,5.25381684034827,6.96197306103809,1.27499323176294e-11,6.88137192128958e-10,15.9470281071103
"COL10A1",1.30796409207168,3.30083959287942,6.95116772521496,1.3658561418788e-11,7.33047722083973e-10,15.8804882578632
"DES",1.64662764888304,5.24430823070222,6.94653910297577,1.40669850859359e-11,7.52858754878582e-10,15.8520100212124
"SLIT3",0.608370069527533,1.60865683538151,6.94220938989059,1.44598866084052e-11,7.7173099559065e-10,15.8253844860524
"COL8A1",0.927673290038631,3.23200029911471,6.93715248846258,1.49324456711322e-11,7.9473794183026e-10,15.7943037898143
"TIMP2",0.797889292214029,6.2920672785249,6.92293078278137,1.63443154905681e-11,8.65074819887526e-10,15.7069908359039
"COL8A2",0.754957444183216,2.46189125926443,6.91203395764295,1.75141155848916e-11,9.24436514067559e-10,15.6401870405125
"CNTNAP1",0.590563109374579,2.10911980059201,6.90660229567108,1.81275606806054e-11,9.51572774357261e-10,15.6069190804059
"NDN",0.664496510718778,3.55882792750331,6.89981598040716,1.89237310375063e-11,9.85268170322338e-10,15.565383344402
"MATN3",0.677091860635027,1.58151207082721,6.88066488897768,2.1360485311078e-11,1.09723029104626e-09,15.4483441369672
"FGFR1",0.62116154602078,2.77915180388614,6.87511417239493,2.21226445908096e-11,1.12905206918687e-09,15.4144701520065
"RAB3IL1",0.600557837052683,2.90856907971005,6.8738107891443,2.23054473653288e-11,1.13361371755889e-09,15.4065192414095
"PBK",-0.654211566978683,4.88466924963258,-6.86214747735411,2.40087148280345e-11,1.20736739135208e-09,15.3354241045832
"TSPAN13",-0.612336659773229,7.17964974929767,-6.86118621519828,2.41546621169594e-11,1.21152703183493e-09,15.3295689094942
"SLC9A2",-0.809227361359406,3.12650522714608,-6.84832305046865,2.6193577590771e-11,1.28684345292096e-09,15.251280395391
"ANGPTL2",0.809440614883333,4.8161157822043,6.84604624957405,2.65716754003625e-11,1.30208005286687e-09,15.2374354194302
"GFPT2",0.758173611534262,1.99126868939428,6.84478900908399,2.67827517207215e-11,1.30574433325451e-09,15.2297918537963
"COL4A2",0.636024656985924,6.89903823800067,6.8434558141174,2.70083792153896e-11,1.30676905496683e-09,15.2216877373833
"ZNF503",0.660063653240573,4.44443691531925,6.79763900394057,3.60060979091376e-11,1.69502908093139e-09,14.9439476181534
"TRPA1",-0.683610220250427,1.80134511371458,-6.7926859903364,3.71396214741471e-11,1.73137505460987e-09,14.9140120710453
"GEM",0.622805264355573,4.41363074293411,6.78415254864458,3.91752914880027e-11,1.80867128894008e-09,14.8624777794706
"CASQ2",0.699986518292728,0.825845680327907,6.77992999866161,4.02227175374031e-11,1.84812294488404e-09,14.8369965973829
"SMIM31",-0.771308383095343,3.57580808391295,-6.7788957148636,4.04834409845572e-11,1.85122369752772e-09,14.8307571018936
"OBSL1",0.741653805957023,2.39518771251546,6.77346729732341,4.18792917071659e-11,1.89940119711542e-09,14.7980217590118
"PTGIS",0.825147358450817,1.9805652577707,6.76738170590177,4.35003499509041e-11,1.95191265821855e-09,14.7613484386868
"ITGA5",0.729421643541234,4.57937206733391,6.76430922574996,4.43420325985558e-11,1.98503117894469e-09,14.7428429450708
"SERPINE1",0.86153324109344,4.83230744551549,6.75984199528953,4.55943914487906e-11,2.03160125618332e-09,14.7159489332351
"NGFR",0.629435146894104,1.18743744976253,6.75225212230261,4.78022469710048e-11,2.12011817584364e-09,14.6702884386273
"EGR2",0.675261035037305,2.25633040892526,6.75084518381569,4.82228972920477e-11,2.13383536285366e-09,14.661828858489
"HTRA1",0.691198652427573,6.11282591290861,6.72994710847763,5.4916055332369e-11,2.37515038412684e-09,14.5363407051936
"NTSR1",0.735081334822878,0.999147103285323,6.72154299825219,5.78576874712023e-11,2.48554549764178e-09,14.4859642129439
"ADAMTS4",0.621100855014618,2.59823100548976,6.7197292323107,5.85125530709321e-11,2.50805484751467e-09,14.4750986621114
"COL11A1",1.02494224952691,3.1878253943525,6.70366648516315,6.46387282088347e-11,2.73999564708246e-09,14.378976232616
"AMIGO2",0.710936478953368,3.8432124665508,6.68118475282163,7.42820468411374e-11,3.0872972179527e-09,14.2447529572651
"RTL8C",0.713516261002058,6.28585785648983,6.68033368455441,7.46735773527155e-11,3.09685225558015e-09,14.2396789501779
"GDPD5",0.707518536942603,3.2946801954586,6.65719153189064,8.61316397761595e-11,3.54137815045325e-09,14.1019072810973
"SCG2",0.704916331696084,1.78820646895433,6.65062957183908,8.96832701168434e-11,3.67164840905709e-09,14.0629124402177
"KCNMB4",0.68280596858569,1.97164093943839,6.64375008670915,9.35610272872204e-11,3.81410485707052e-09,14.022064091439
"ADGRA2",0.618809995718219,3.5048448738706,6.64252464988668,9.42688234423505e-11,3.82667512109202e-09,14.0147913993803
"PAPSS2",-0.633533342109373,5.81054426354991,-6.64155967004398,9.48298778466370e-11,3.84131175378767e-09,14.009065225063
"IGFL4",0.586820567706011,1.30148625113176,6.61960952092686,1.08514517348695e-10,4.31356463153733e-09,13.8789953760071
"CPXM1",0.689883438099246,4.01190233548556,6.60679679048725,1.17379192774769e-10,4.5991520113795e-09,13.8032323829977
"CTF1",0.587078495678883,1.62160013387244,6.60000354066648,1.22363472931018e-10,4.77491678484381e-09,13.7631114978492
"CILP",0.777234143366556,1.18923026737537,6.57246365820343,1.44784676789782e-10,5.54445184306234e-09,13.6008045366332
"PRRX2",0.680312722328417,2.18081744764456,6.56435060390546,1.52126063121128e-10,5.78559860612908e-09,13.5530952414756
"C1R",0.716513152674844,5.90613095272117,6.55910822050588,1.57062682538992e-10,5.91383069045674e-09,13.5222925885299
"ZCCHC24",0.654913105791514,3.59806135624447,6.55095788086324,1.65051206449113e-10,6.16448560538988e-09,13.4744434376334
"RRAD",0.694834069287839,2.25891349893871,6.5442469594938,1.71926829133093e-10,6.39634572075739e-09,13.4350812069862
"AGR2",-0.854559439191291,9.4029109031645,-6.53681617977915,1.79867815993741e-10,6.67284039382936e-09,13.3915350562607
"SYNM",0.892174998184958,2.21310515697905,6.5349788009899,1.81886151488024e-10,6.71272783450386e-09,13.3807737915531
"SEMA7A",0.607816994435264,2.86276434038974,6.52614976214302,1.91898636962452e-10,7.0082939987731e-09,13.3290977661666
"CERS4",0.671727803938468,1.94116430592444,6.52603428529734,1.9203310800396e-10,7.0082939987731e-09,13.3284222619517
"MEDAG",0.711440526421678,2.17801905242124,6.52105892025709,1.97915413950462e-10,7.19555850339819e-09,13.2993271557193
"HSPA6",0.673431773839698,2.36346690024388,6.51426141840418,2.06238387328612e-10,7.46980624048433e-09,13.2596057546653
"TUBA1A",0.629295796004782,5.81745828539451,6.51119627323999,2.10102737746486e-10,7.58110820192592e-09,13.2417055465329
"DEPP1",0.708028980154814,4.62374697495066,6.50894634966676,2.12984391448045e-10,7.67064086493334e-09,13.2285705444199
"C6orf15",1.07812524149965,1.56593086233469,6.50303234345218,2.20744959637588e-10,7.92036222220259e-09,13.1940623844881
"PLAC8",-0.986539002509184,4.41673163295718,-6.494882484292,2.31895341264626e-10,8.18253174701699e-09,13.1465500221956
"PLIN4",0.818278203522718,1.12825561894596,6.49344547814276,2.33917861515464e-10,8.21090027759239e-09,13.1381775559265
"COL16A1",0.646130263533447,3.68166352209151,6.49309519139106,2.34413489135858e-10,8.21090027759239e-09,13.1361369005713
"LAMP5",0.586023813326371,1.34271586886764,6.49031540111394,2.38383335460646e-10,8.28727549786437e-09,13.1199459463802
"CCDC80",0.847188333884745,2.85407653996895,6.49025807380455,2.38465894790264e-10,8.28727549786437e-09,13.1196121017334
"FAM20C",0.636719378276899,3.87995354819505,6.49005638328737,2.38756580105487e-10,8.28727549786437e-09,13.1184375794642
"SERPINF1",0.695071799913107,5.46819088528408,6.48652129293665,2.43908264236322e-10,8.37505796194969e-09,13.097856217897
"SERPING1",0.802649451684514,5.94841496227929,6.46680941586757,2.74695173493814e-10,9.2498409914613e-09,12.9832614403943
"TGFB3",0.741657600039543,2.46443865031048,6.4595380061651,2.86987933824778e-10,9.62992786704509e-09,12.9410612391169
"SPARC",0.734821397861538,8.80847773665595,6.44586514387692,3.11579621268188e-10,1.04004626193353e-08,12.8618150010557
"FIBIN",0.75775971827021,3.38322173091425,6.44434739865838,3.14433536309244e-10,1.04411552091596e-08,12.8530268187462
"CST6",0.756080474748736,1.32010800869913,6.43883841883404,3.25009267848089e-10,1.07550562555603e-08,12.8211424900903
"HAND1",0.681118714119285,0.716086808733858,6.43586111223297,3.30869156963015e-10,1.09112789112072e-08,12.8039200348521
"LTBP1",0.64344293346308,4.46161194983166,6.43426607390016,3.34050943518185e-10,1.09972784842069e-08,12.7946961017944
"PPP1R14A",0.637187036945279,3.27595737346726,6.43343027189625,3.35730154199055e-10,1.10336016371422e-08,12.7898634984011
"COL6A1",0.740440616737116,7.025180665022,6.42501982545591,3.53094648185398e-10,1.15252018044842e-08,12.7412629985763
"MSRB3",0.731995860414753,2.92752056001224,6.41372364325508,3.77808037823878e-10,1.22502843181068e-08,12.6760691244943
"LOXL2",0.594513153985821,4.885693491022,6.41369788378055,3.77866285595049e-10,1.22502843181068e-08,12.6759205659703
"FN1",1.10377994739337,6.63932996126099,6.40520099710788,3.97567517856839e-10,1.28238950204327e-08,12.6269445616195
"LHFPL6",0.586685603746828,4.05422918390679,6.40028322343759,4.09426151632746e-10,1.30961687233446e-08,12.5986229129721
"FBLN5",0.596683910242302,2.99769836698131,6.38514218009084,4.48154657617477e-10,1.40995783907239e-08,12.5115373468819
"CACNA1H",0.611357178080843,2.6137265525135,6.3691737862678,4.92885857282976e-10,1.53555984155151e-08,12.4198770352443
"CAVIN3",0.667182955640631,4.65256397220412,6.35992349179801,5.20768371457279e-10,1.6171672604735e-08,12.3668657871281
"COL3A1",0.876136186178769,9.03177366523968,6.32951383649138,6.23758672124733e-10,1.87617208130453e-08,12.1930429057262
"CLDN9",0.625929780341467,1.55379940542666,6.31607532543719,6.75393122053189e-10,2.01252445078369e-08,12.1164468675995
"SCT",0.798076883308664,2.00569897661258,6.30464776024101,7.22574750154362e-10,2.13146692682111e-08,12.0514185129886
"MMP2",0.845152397704461,6.82408003922708,6.30426509435484,7.24209274196524e-10,2.13146692682111e-08,12.0492426437651
"GFI1",-0.601715458531924,1.95515094587842,-6.29397895822785,7.69527465656039e-10,2.25101469343049e-08,11.9907957618617
"MFAP5",0.79029484608374,2.03368072104478,6.29263861567932,7.75633399027922e-10,2.26541706179497e-08,11.9831856108203
"CTSF",0.647080596018008,3.77835973741186,6.29130645309797,7.81749049988479e-10,2.27633917899381e-08,11.9756232322611
"PACSIN3",0.729860473877697,4.11396334134771,6.28504126998333,8.11149849235552e-10,2.34767841561226e-08,11.9400750050423
"ARL4C",0.674173378564961,4.46559883696129,6.28281198296618,8.21870158268054e-10,2.37511798377314e-08,11.9274332509564
"IQGAP2",-0.642886971691154,3.88155842499551,-6.26452620871091,9.15197823101598e-10,2.62110467722371e-08,11.823879167867
"IGFBP5",0.866817557134865,6.51599491587412,6.25865687906548,9.47296067692313e-10,2.69690826998287e-08,11.790693611487
"TNFRSF11A",-0.600465013837511,3.58219866916101,-6.24826599797121,1.00684458097373e-09,2.85028018640524e-08,11.7320061672448
"ATOH1",-1.13576967598711,3.56345078611193,-6.24201209937907,1.04443430930589e-09,2.93973280024332e-08,11.6967232914822
"ASPN",0.99648807580274,3.67314680133201,6.21940429554168,1.19212668607909e-09,3.30074383024211e-08,11.5694206118162
"HSPG2",0.672099897487761,5.12356568808844,6.21737259663848,1.20635868519795e-09,3.32573128178314e-08,11.5579990726398
"F10",0.813764026708631,2.48776641499623,6.17651851151414,1.53050197762263e-09,4.10706132930668e-08,11.3289898024568
"MFAP4",0.861033402930993,5.18760078604115,6.17033176042681,1.58649601266407e-09,4.23950677861138e-08,11.2944193133938
"APOD",0.96520587721399,3.48962338909693,6.16208085848526,1.66429899078340e-09,4.43504432036298e-08,11.2483596417402
"PGM5",0.738554378716822,2.01269260518239,6.14382100789646,1.8499850767903e-09,4.84607666688278e-08,11.1466089811735
"PIGR",-1.68207058035683,9.65152233327318,-6.1204038585955,2.11797929378759e-09,5.45436603077558e-08,11.0164889464803
"FLNC",0.810570245883941,3.26827690329085,6.12012919757724,2.12133755090165e-09,5.45568154030545e-08,11.0149652248447
"NKD1",1.08218707827306,4.04879230514195,6.10660503661884,2.29329399904343e-09,5.84029043897493e-08,10.9400087103357
"KRT80",0.630861487207134,4.62595047387128,6.09926433007625,2.39225871440867e-09,6.05491109221534e-08,10.8993815445463
"MAOB",0.799204855785048,2.51564828964384,6.09688665704608,2.42519963138144e-09,6.12432035244081e-08,10.8862310726598
"PCDHGC3",0.598717387375579,2.15748190820544,6.08201437468379,2.64153475539686e-09,6.59659210413761e-08,10.8040726281974
"SLC24A3",0.629479987818398,2.85182354737675,6.07368785417992,2.77077350018761e-09,6.88560574106285e-08,10.7581481129737
"PLEKHA4",0.622929099624831,4.20167114584065,6.07183242788449,2.80040320080695e-09,6.94123225452279e-08,10.7479217839704
"PXDN",0.612408971901618,3.90775268055107,6.06914288242264,2.84390354904241e-09,7.03994728677681e-08,10.7331027909814
"TSPAN18",0.592690554888656,2.61546687390431,6.06106535544644,2.9785558252533e-09,7.32594731859477e-08,10.6886299212262
"CHRDL1",0.869669326941701,1.84272024890036,6.05635307703568,3.05996589172342e-09,7.49730773470853e-08,10.6627082236052
"CPXM2",0.701304781708502,2.19606247633762,6.04473240692915,3.27013064822948e-09,7.95123137310619e-08,10.5988565695356
"CDKN2A",0.711479142259923,2.27659028618034,6.02801899006373,3.59732198904628e-09,8.65888056659884e-08,10.5072025690652
"EFEMP1",0.788407750411134,3.9924906039297,6.01963050885228,3.77338234047811e-09,9.02596824513864e-08,10.4612817071643
"PMEPA1",0.719475443887362,6.3782133968439,5.98152292510782,4.68502941858291e-09,1.09297073095471e-07,10.2533478154534
"XDH",-0.671867812360539,3.27651789633464,-5.9724501194598,4.93194026085891e-09,1.14125574152242e-07,10.204006026234
"AHNAK2",0.689898040621971,2.13657897872144,5.96925923452644,5.02176270914825e-09,1.15645400850097e-07,10.1866676404546
"COL6A3",0.778558159404195,5.68435874838823,5.93028300749625,6.25650006784778e-09,1.40368315339536e-07,9.97551284738307
"NOTUM",1.43850963120543,3.79474913834826,5.92888648229993,6.30584214354041e-09,1.40980088063284e-07,9.96796881459171
"C15orf48",-0.748849066046901,7.53076728906676,-5.9192254056982,6.65774356309184e-09,1.4798418407058e-07,9.91582079082601
"COL9A3",0.93159945893144,3.13330519375445,5.90879792059736,7.05907004268526e-09,1.54927585358362e-07,9.85961660183358
"DNASE1L3",-0.628511680270841,1.41082707621494,-5.89385981721243,7.67541158311988e-09,1.65982941233157e-07,9.77924630200758
"BMP4",0.653444715932205,5.94524373265579,5.87023859630784,8.7586561242333e-09,1.86462057044789e-07,9.65251067304931
"ASRGL1",-0.615878849380723,3.25344160030088,-5.86241617599276,9.14922406258511e-09,1.93700699490752e-07,9.61063592677613
"OLFM2",0.609816576017328,2.52811368659704,5.85950764458978,9.29873567261474e-09,1.96431946513008e-07,9.59507814434398
"PHLDA3",0.659443626504853,4.56341854191992,5.85776198696773,9.38961203325921e-09,1.98133223080668e-07,9.58574373877493
"DPYSL3",0.732550970913723,4.61983474902133,5.8553715300274,9.51546243952733e-09,2.00347538836641e-07,9.57296528205082
"PLN",0.833546174783434,2.63658975776701,5.84499243680468,1.00812382177715e-08,2.10410157137801e-07,9.51753401873925
"KLF2",0.593616026476639,4.58965872434195,5.84275194584825,1.02076078064067e-08,2.12815849369698e-07,9.50557926500489
"SYNPO2",0.791964096967281,2.39671779902271,5.83290003347547,1.07818582054004e-08,2.23088988353641e-07,9.45305788843207
"MPP1",0.643038830604859,3.92033942820529,5.83095867987518,1.08986754062405e-08,2.25262805591768e-07,9.4427172511089
"MYLK",0.672409127799563,3.27712251225681,5.8141498684147,1.19630863774963e-08,2.44363256921993e-07,9.35330733879885
"PRR36",0.666252298280013,2.37531254891923,5.8052824284758,1.2564785916487e-08,2.54752696465494e-07,9.30622786820566
"ROR2",0.607374311472534,2.18637926372692,5.80376835054772,1.26704312427621e-08,2.56352125249548e-07,9.29819535960542
"KISS1",0.59624366257018,1.83478814287143,5.79963569967214,1.29632159562614e-08,2.61447597602072e-07,9.27627983703309
"CHRDL2",0.942404610758069,2.17387215143961,5.79002825225497,1.36695965338815e-08,2.73391930677631e-07,9.22538274254594
"GJC2",0.702519567610587,2.03113550822496,5.78845521474616,1.37887730044994e-08,2.75487894438173e-07,9.2170561548616
"SULF1",0.872958357109722,5.36872071431336,5.76442371078725,1.57404472270639e-08,3.09003041875558e-07,9.0900895552036
"NXPE2",-0.67130777220128,1.89879055016801,-5.7533079000694,1.67318849556787e-08,3.26459181008964e-07,9.03151335635277
"EDAR",0.888652973891557,3.01325197068215,5.74699141837833,1.73221095967126e-08,3.36945806977678e-07,8.99827084254405
"ANTXR1",0.799045108215521,4.77217768971733,5.73648358729824,1.83492246025947e-08,3.54336108808576e-07,8.94303909878391
"MAB21L4",0.774215432691684,3.29045439583656,5.73355548450333,1.86458573820057e-08,3.58689384979146e-07,8.92766365441566
"LTBP2",0.638548928430671,3.67156290061298,5.7188964367621,2.02025719967604e-08,3.83628621861179e-07,8.85079000011188
"RBP1",0.86338105216204,3.24032546796828,5.71327678304493,2.08323280217473e-08,3.93636493980944e-07,8.82136454264444
"COL5A2",0.718828272133619,5.81085438203191,5.70389856593927,2.19261138009564e-08,4.09458421468154e-07,8.7723137308788
"FBN1",0.699955205935965,3.73847860774627,5.69683747787008,2.27863707569846e-08,4.22392020920613e-07,8.7354276962321
"CTHRC1",0.806602616355537,5.2157114588782,5.68907656240952,2.37698210303002e-08,4.37913241288991e-07,8.69493100605085
"TUBB2B",0.613450645940975,1.69580540082562,5.68216264818526,2.46806706650657e-08,4.52518325303979e-07,8.65889382654215
"INHBA",0.709263715699225,3.57154118474766,5.67347700247165,2.58732068537875e-08,4.72124422208161e-07,8.61367513276199
"GGT7",0.680068460401448,4.53855467937412,5.67276922190027,2.59728206910323e-08,4.730411068823e-07,8.60999294042444
"HEPACAM2",-1.06842836912245,3.0628756602269,-5.66943878296993,2.6446586034383e-08,4.78938174308865e-07,8.59267178906529
"PLAAT3",0.629465025937468,4.92069196125549,5.64941691468329,2.94772374210191e-08,5.22464263632494e-07,8.48872476019414
"KLK6",1.14435044836136,3.73822353755768,5.63109555137487,3.2545007471572e-08,5.71027786772271e-07,8.39388286425135
"TNC",0.831118115191955,4.57310563092465,5.61235415018469,3.60040300004274e-08,6.24287072224606e-07,8.29714058015029
"GPX3",0.607620418178099,4.29231007173253,5.60828937349168,3.68001581561659e-08,6.34074667510915e-07,8.27619498605687
"FOXQ1",0.748605964939878,5.89508259059259,5.6064605652389,3.71639127543543e-08,6.39766907792838e-07,8.26677548575692
"GREM1",0.87625632586125,3.86301341737209,5.57693890778829,4.35434287529814e-08,7.35059114455615e-07,8.11508660114474
"FCGBP",-1.34190916535651,5.71043069374185,-5.57436911482754,4.41466466859426e-08,7.44586047977693e-07,8.10191507276168
"DDR2",0.622179812687799,2.41997522127649,5.57238057098099,4.46189978176899e-08,7.49912279111349e-07,8.09172634019992
"FAP",0.65942835525154,2.30346456073821,5.5637140319235,4.67356613994141e-08,7.80013303495448e-07,8.04735805817043
"MXRA5",0.730806839713018,4.33068504668173,5.53598562773253,5.41849963217047e-08,8.88096261354886e-07,7.90580305188643
"RARRES2",0.59740196082502,5.80185204429888,5.52397612815435,5.77587090644356e-08,9.36709498431504e-07,7.84468346832869
"ID4",0.609474804791303,3.29675328155202,5.50671396499139,6.3299830369299e-08,1.01237458253403e-06,7.75703266801573
"TNFRSF19",0.669642679079956,1.59295893368988,5.50439651356745,6.40819950673616e-08,1.02402921225242e-06,7.74528358238011
"VCAN",0.693976620548093,4.03360684084893,5.50051465171387,6.54132646827146e-08,1.0383746075566e-06,7.72561278787063
"TMEM236",-0.631256270802692,2.06177183852274,-5.49209669532726,6.83931921050154e-08,1.08209212281758e-06,7.68299722803017
"NXPE1",-0.854477181987399,2.80277620200977,-5.48216341975593,7.20794877387184e-08,1.13200244678184e-06,7.63278311326725
"AQP1",0.623325096879899,5.35330070107628,5.48094839981152,7.25434329369719e-08,1.13742403852077e-06,7.62664641926605
"GNE",-0.620583531387984,4.95584267468416,-5.47742465590343,7.39054205706342e-08,1.15603400149417e-06,7.60885573107966
"NOS2",-0.931981715431978,4.51864178241249,-5.47126475449961,7.63462580134336e-08,1.19120057291318e-06,7.57777941640718
"TMEM150C",0.600220309840291,2.5913280833247,5.46379502779587,7.94113466232246e-08,1.23600438773435e-06,7.54013577675434
"SPHK1",0.619416532295423,3.0028014300137,5.46043899508144,8.08270675220674e-08,1.25498104839774e-06,7.52323758808773
"SLC4A4",-0.71604982152163,1.79481194157546,-5.45114720738267,8.4875910821704e-08,1.30797128057048e-06,7.4764988562892
"C7",0.728769340449449,1.76597239976422,5.45104267822511,8.49225612228436e-08,1.30797128057048e-06,7.47597345570316
"SMOC2",0.88190942947596,4.98174315128276,5.42942165950982,9.51268558099899e-08,1.43854029780537e-06,7.36748654516159
"MLXIPL",0.645998458388165,4.44868872198473,5.40633073012115,1.07339055247853e-07,1.59180828061058e-06,7.25203779074828
"LRRC15",0.669601472656815,2.59284661642146,5.40212298837835,1.09722762086291e-07,1.623330220771e-06,7.23104623630034
"RAI2",0.606234019694942,2.78041131552083,5.39055388123939,1.16544773326918e-07,1.70457851675095e-06,7.17340364545811
"RAB27B",-0.649056673860344,2.34655666490734,-5.38859222428663,1.17741638818111e-07,1.71814912395659e-06,7.16364043539472
"DPT",0.81622599043415,2.96706273439107,5.37406047236832,1.26987224045426e-07,1.83075636772789e-06,7.09141194218766
"CXCL2",-0.709977231589793,5.18727059991338,-5.3671736621321,1.31611375859357e-07,1.88606878194861e-06,7.0572411371424
"ADRA2C",0.701610910686695,2.26326053686043,5.35918661434256,1.37179160525732e-07,1.94981655465358e-06,7.01765902456484
"CXCL3",-0.673489784961807,5.5505828609601,-5.32956351959328,1.59896132255397e-07,2.24111916167769e-06,6.8713022695245
"ADAM12",0.688392922331126,2.39599177916925,5.31774618814319,1.69942628338769e-07,2.35097527723524e-06,6.81311481308186
"STRA6",0.65722375210928,1.92546908207264,5.31164577821957,1.75365912258395e-07,2.41727401357615e-06,6.78312111294115
"KLK7",0.862512169693514,1.78723164878571,5.26441203780548,2.23431993383815e-07,2.98324529145219e-06,6.55190780239983
"AGR3",-0.947797380789908,5.79525364812799,-5.25573126881735,2.33558643281472e-07,3.10116673962093e-06,6.50961138778717
"ADAMTS2",0.665618377039578,3.85746243282071,5.2504460559663,2.39940628938275e-07,3.17928644528348e-06,6.48388953304019
"DMRT2",-0.594168849925557,1.55741279274554,-5.21355045106668,2.89445679177234e-07,3.7170101964047e-06,6.30496000340405
"HOXD9",0.661280115698016,3.15549120362376,5.20687154935226,2.99408056233563e-07,3.83210311117907e-06,6.27268830796731
"CLCA1",-1.63600400316754,4.93163024410863,-5.19500359600689,3.17936207551389e-07,4.00503467237647e-06,6.21543338610847
"TPPP3",0.586216892693206,4.20391274684246,5.1508533044435,3.97118597721685e-07,4.87430642687219e-06,6.00344704081413
"NKD2",0.730996277623724,4.17744487629817,5.10140629852617,5.08493208013377e-07,6.02146468821774e-06,5.76792206054326
"FBXO2",0.769944242255513,2.60736264484187,5.09714955335763,5.19383545906812e-07,6.13904302256294e-06,5.74774016173417
"FABP4",0.76006516654523,1.42911735719853,5.08095301908484,5.62920791681299e-07,6.56455408923535e-06,5.6710859170816
"SPARCL1",0.637356906518979,5.39648447279105,5.07929386446596,5.67575064019832e-07,6.61078311648631e-06,5.66324571846677
"CALD1",0.636459596178103,5.38039357418747,5.07653634704522,5.7539294515485e-07,6.68412543806562e-06,5.65022030459854
"FFAR4",-0.751478053875056,3.12320483303693,-5.05404847951967,6.4315706789738e-07,7.36134374009188e-06,5.54423015880218
"JCHAIN",-1.26140898690993,7.45592081474604,-5.02540943700595,7.4069655974228e-07,8.32360474173729e-06,5.40985142334964
"LCN2",-0.967521287632918,9.22036582044824,-5.02256489463133,7.51130797164612e-07,8.42110361244819e-06,5.39654134049504
"COL12A1",0.626224215926909,5.34686969432241,4.97878271295006,9.30822234867447e-07,1.02203747965962e-05,5.19252087009268
"LRRC19",-0.646075064327944,3.74613103944971,-4.97742531379189,9.37009598115222e-07,1.02765334286707e-05,5.18622087763681
"C1S",0.610378897142605,5.96740890672849,4.97239306473377,9.60296422440981e-07,1.05018718344573e-05,5.16287840437793
"CST2",0.670316649546988,2.28426343941933,4.95546108739415,1.04282654218998e-06,1.12566515765408e-05,5.08449224662684
"RAB26",-0.588904506076543,2.13497058264263,-4.91386739558315,1.27568969936248e-06,1.34297882636182e-05,4.89294560041383
"C2CD4A",-0.678304138690204,4.0480034571758,-4.89396100797786,1.40417921344276e-06,1.46217792008496e-05,4.80178201725965
"RTL8A",0.666595036782262,5.61404089375355,4.89237320584217,1.41494929819974e-06,1.47210810084372e-05,4.79452470602642
"PKP1",0.631931990286426,2.15795868423189,4.87419932451977,1.54404216763016e-06,1.57949001237554e-05,4.71160766714977
"REP15",-0.592948412957778,1.56727446993433,-4.86013057952193,1.65170516495184e-06,1.67000902166107e-05,4.64760921718723
"SULT1B1",-0.661903932360151,3.95089946288256,-4.83275579720211,1.88231477606148e-06,1.87059912392831e-05,4.52355569542514
"MARCO",0.792516768192502,2.0273237956339,4.8118403489125,2.07912554520457e-06,2.04832112670446e-05,4.42919619246922
"CARD11",0.698637260167919,2.84734163801092,4.80209467488102,2.1774682352518e-06,2.12736024103041e-05,4.38535398034282
"S100A2",0.632721063892056,3.58279028722262,4.79484784062601,2.25348584009225e-06,2.18671130864186e-05,4.35280474798432
"MUC2",-1.27974073839811,6.06179383591983,-4.78614546453719,2.34815404750998e-06,2.26083575629604e-05,4.31377614585554
"REG4",-1.53527600662491,6.31705585927539,-4.77054056022011,2.52759021203397e-06,2.41659822667519e-05,4.24395013634947
"GZMA",-0.611592098831986,3.80608580545142,-4.74590655047588,2.83801723007336e-06,2.66029403758345e-05,4.1341388014825
"PALM3",0.595973312627867,1.90622565799179,4.73996891890833,2.91815840623763e-06,2.72342499091636e-05,4.10774689503575
"B4GALNT2",-0.635482970394073,1.21706983131715,-4.73740185493544,2.95347714555991e-06,2.74702049072465e-05,4.09634585937753
"CXCL1",-0.634347617491652,7.02589281330403,-4.70646437844165,3.41284612086686e-06,3.10199865634768e-05,3.95938071119625
"SFTA2",0.765513129771076,2.6984154956115,4.67794498853527,3.89664879122199e-06,3.48877527288847e-05,3.83383615524212
"C3",0.773014721789124,5.33432237984347,4.67122146369402,4.01996674204803e-06,3.58244478035536e-05,3.80433878867116
"NEURL1",-0.598133830585803,2.34176628688862,-4.61194902118707,5.28216473003146e-06,4.5282450213603e-05,3.54595550466227
"CEACAM7",-1.07946961166177,5.96318906908575,-4.60300689665098,5.50293087258382e-06,4.68605135638693e-05,3.50723322748522
"CCL21",0.882120058647407,4.63309949032253,4.59174948725287,5.79348200135664e-06,4.90079978569507e-05,3.45858161465423
"RASSF10",0.608820543865469,2.78785811838902,4.5815352286086,6.06981467919638e-06,5.09499849132215e-05,3.41453145287763
"IGF2",1.26906964202802,4.64186556912255,4.58099729749054,6.08471313679818e-06,5.10433904120197e-05,3.41221402293675
"ADGRG7",-0.627080788129081,2.15975747946031,-4.57689730241148,6.1994254590911e-06,5.19147691416894e-05,3.39455916041429
"MSLN",0.951849874025295,5.16175349240947,4.57541760019999,6.24133327074493e-06,5.21972699552478e-05,3.38819097298345
"KRT6B",0.843598970949326,2.76757071006878,4.56450058832607,6.55903899202718e-06,5.44502543705549e-05,3.34126507996725
"KLK8",0.655057811274354,1.44288425095176,4.56246760542,6.61989292662715e-06,5.48129422965325e-05,3.33253767576589
"SPINK4",-1.36396046657252,6.58952223793755,-4.56165343057883,6.64441557448596e-06,5.49280237234724e-05,3.32904348702125
"BAMBI",0.606097115966287,4.27191326892629,4.55766803158466,6.76571795558556e-06,5.58273712441943e-05,3.31194752392296
"VIP",0.729740369844865,2.37422842684784,4.52669844323131,7.78351164733026e-06,6.33257253345426e-05,3.17956029545711
"ITLN1",-1.32445654621364,4.61046162930662,-4.48158603075303,9.53268039654787e-06,7.52249408557896e-05,2.98818154654775
"APCDD1",0.745839408495977,4.60813631992189,4.46311359929487,1.03527080505311e-05,8.07317404347484e-05,2.91031914831759
"GNG4",0.925406531739527,3.47259344983414,4.45856233078854,1.05648946873299e-05,8.21190191518218e-05,2.89118017723918
"PRAP1",0.846105419879366,6.83859048459987,4.4483422369505,1.10566608331662e-05,8.53184138394944e-05,2.84826741771868
"B3GNT6",-0.871629682395505,2.55221807616077,-4.3931396227158,1.41155593171759e-05,0.000104462771926261,2.61802999993909
"KRT6A",0.658120359174631,1.37472074371642,4.34657008082289,1.73112275463442e-05,0.000123348129337283,2.42583893854492
"CES1",0.784794773199388,2.97080510616416,4.25017062410553,2.62601445080872e-05,0.000176914335012289,2.03395715553892
"ARHGAP4",0.596321055096499,4.54168569901653,4.24580312590083,2.67556984384442e-05,0.00017993653284682,2.01639321399281
"APOE",0.719829060010092,6.47981085940524,4.22372755393331,2.94000910902957e-05,0.000194848061324824,1.92786970151582
"WNT11",0.76612594584667,3.73650621379788,4.20667639544576,3.16113813457048e-05,0.000207280652492712,1.85978432787297
"CST1",0.89270595302808,5.16806746686813,4.17757342569716,3.57564450236853e-05,0.000231132315287343,1.74416093776021
"CLCA4",-0.919369553823568,2.46830532979227,-4.16306772833831,3.80110884517249e-05,0.000243576071817742,1.68680695070723
"QPRT",0.725265311834653,5.4017633031171,4.1559894873759,3.91598278359775e-05,0.000249435605497782,1.65888701358458
"ACKR1",0.597051994524384,2.61959807166025,4.15504145440583,3.93161736021748e-05,0.000250181961546885,1.65515084455884
"CA8",-0.590436619113636,1.9438641127528,-4.13466910236951,4.28231086569172e-05,0.000268239764195054,1.575053777127
"RETNLB",-0.862445522608241,3.57229602126374,-4.06920345559971,5.6220289225091e-05,0.000337568392840095,1.3201245036981
"PCSK1N",0.744809692736909,1.95688962479916,4.06582448167783,5.70101420407407e-05,0.000341348225468935,1.30706844046996
"SPP1",0.904133456450743,6.26059285516925,4.03450062724503,6.48517613529927e-05,0.000381270250850979,1.18651320146576
"POSTN",0.685935250847189,5.78145014391802,4.02080550804572,6.85929223783585e-05,0.000399951428109966,1.1340762187073
"LUM",0.598457948430574,7.56002813555312,4.00980527140322,7.17453927108889e-05,0.000414923550963064,1.09207717055005
"L1TD1",-0.884305185045509,2.76924869809496,-4.00562344589577,7.29795259860672e-05,0.000420704056446045,1.07613886117497
"AKR1B10",-0.704376543556417,3.93080924906708,-3.99205832071295,7.71230083210054e-05,0.000440450419687296,1.02454377763498
"MMP12",-0.681474510150182,5.87074630695022,-3.96592545058703,8.57424623713236e-05,0.000482049759106385,0.925604580790551
"KRT23",0.953029819120505,4.57095775612037,3.95867422407711,8.82914530563581e-05,0.000494349573512513,0.898258226663585
"CCL20",-0.592561197076506,6.39091938328954,-3.91053831393271,0.000107123722270895,0.000585756426572588,0.717902954811329
"FABP2",-0.585284649889204,2.53775605359022,-3.88542206071189,0.000118402006726475,0.000636352512902929,0.62461195203158
"DKK4",0.73678632224572,2.10464465164279,3.88358004998504,0.000119271924363854,0.000640426710724721,0.617792057781693
"TNNC2",0.764732608379837,4.65921136799548,3.81997019567352,0.000153304813593316,0.00078960221194837,0.384130287640555
"LRRC26",-0.740438658743132,2.81575101176953,-3.7996604783209,0.00016597736071619,0.000842417544721114,0.310283340145857
"RAMP1",0.707687096498566,4.28610413997841,3.76042961823259,0.000193305775842492,0.000960762299647771,0.168679376288555
"TACSTD2",0.74133707280553,4.41795795002838,3.73169865677774,0.000215954625444049,0.00105456131446767,0.0658464416408826
"SERPINA1",-0.614588699685582,6.87719316874755,-3.7085277949692,0.000236018229637142,0.00113907034756867,-0.0165482791727927
"FOSB",0.604094323816118,3.42661744266386,3.70150835274523,0.000242434664277413,0.00116621847038796,-0.0414143073172166
"KLK10",0.710536653466936,4.13138534846878,3.61074952390318,0.000341638975757328,0.0015609617878107,-0.358942841508696
"SPDEF",-0.653344487702553,4.30863356846206,-3.60499862040713,0.000349063081587778,0.00158974296249628,-0.378813559081008
"ASCL2",0.614671807504164,6.93860087659261,3.57447985500068,0.000391061286361536,0.0017576200437924,-0.48376461266268
"SLITRK6",-0.601368236504991,1.74035747605991,-3.54008382645453,0.00044405701789052,0.00195679219475215,-0.601042588879774
"CAPN6",0.620800983870799,2.3574785194421,3.45519840749317,0.00060501231653587,0.00254211315456738,-0.885894880585623
"CA2",-0.59481858358626,5.28769850909727,-3.45270734680099,0.000610471724143923,0.0025605600338436,-0.894155628411645
"XPNPEP2",0.595505752587738,2.73027464821719,3.44948463241673,0.000617602892800283,0.00258707289594522,-0.90483430309131
"TFF1",-0.792128724159624,7.94824461117847,-3.44620227817765,0.000624945930811877,0.00261383192192874,-0.915700912853898
"TFF2",-0.726200895506931,2.97112892530989,-3.34521548277502,0.000894960435189786,0.0035553476960888,-1.24524451249521
"DMBT1",-0.855803027525075,5.08996497584496,-3.33768711092873,0.000918920015385913,0.00363620559578565,-1.26943946919284
"NPTX2",0.646447211996603,2.87817088778426,3.22827862673523,0.00134162109189118,0.0049768557832788,-1.61521637803293
"DUOX2",-0.690451460108926,4.34347929354409,-3.22451374992454,0.00135895661001364,0.00503434041915338,-1.62691998033489
"PCP4",0.585061519299937,2.00900059212335,3.20785799071665,0.00143816488843231,0.00527777040075907,-1.67854057809166
"DUOXA2",-0.71968852521311,3.79048500415837,-3.19721884183304,0.00149097327336587,0.00544652963159009,-1.7113808852973
"MUC5B",-0.705614609445672,4.27009825926084,-3.16899562291621,0.00163987063756303,0.00590711062525054,-1.79799506204423
"NXPE4",-0.693975181331917,3.84926287648229,-3.16749921085397,0.00164813621332957,0.00593019527650601,-1.80256696525767
"ZG16",-0.764645534945362,3.17666055310766,-2.95435295793256,0.00330685041487853,0.0107388566015377,-2.43268553021339
"CEL",0.70774236743345,3.58762609382899,2.94913793855574,0.00336201592170553,0.01088847617645,-2.44757580386932
"REG1A",-1.02783039101542,5.91274692067772,-2.89020423108681,0.00404656844090112,0.0126852505444479,-2.61409167459083
"CYP2W1",0.679204440618121,4.00796708238838,2.85904910631933,0.0044576706220167,0.0137556722689386,-2.70081466974782
"REG3A",-0.908582132268469,4.30994102857741,-2.82217481981828,0.00499310531281205,0.0150991000305364,-2.8022889716633
"PI3",-0.592877564882636,7.43267132363711,-2.76156510610089,0.00600110076585759,0.0176649394183179,-2.9663238383683
"DPEP1",0.589114020797721,7.04788918324139,2.6435031882235,0.00850785004485028,0.0237140539510229,-3.27597741719157
"TCN1",-0.626135319750056,3.36052947021644,-2.61662142570979,0.00919606450846151,0.0252829094535977,-3.34465505074707
"REG1B",-0.717616905449713,2.83792565023142,-2.58931773924172,0.00994571499187132,0.0270259394758551,-3.41371499902987
"LY6G6F-LY6G6D",0.648014053711241,3.47744441527034,2.58558551078244,0.0100523229124604,0.0272749173829764,-3.42310052301205
"LY6G6D",0.673273225046198,3.76079177737793,2.52631181669713,0.0118878220597381,0.0312699987183666,-3.57039835266882
"CTSE",-0.645810233232301,3.93318217294867,-2.51029140504058,0.0124325840657086,0.0324888585241376,-3.60964107281045
